,식물이름 ,학명,유통명,원산지,생태형,꽃,잎색,뿌리형태,생장형,생장속도,생육적온,겨울최저,특성,광요구도,물주기,번식,고온다습,병충해,관리수준,관리요구도,비료,배치장소,Tip
0, 페페로미아 그라베올렌스," Peperomia graveolens, 후추과",, 페루, 불규칙형,," 잎의 앞면은 초록, 잎의 뒷면은 붉은색을 띰", 가는 뿌리, 봄~가을 성장 (겨울에 휴면), 느림,, 10°C,, 충분한 광 필요, 분 흙이 마르면 흠뻑 관수 한겨울에는 단수, 줄기꽂이,,, 어려움, 필요함,, 발코니 내측까지 이용 가능함 창측의 형태 그대로 유지, 직사광선 및 다습한 환경을 피함
1, 산세베리아 ‘하니’," Sansevieria trifasciata Hahnii , 용설란과",, 아프리카 콩고, 로제트형, 한 여름 무렵에 흰색 꽃이 핌,, 굵은 뿌리, 봄~가을 성장 (겨울에 휴면), 빠름, 18~27°C, 2~3°C, 높이 15cm\r잎은 넓고 다양한 무늬가 있음, 고온에 강하므로 연중 광선이 잘 쬐는 반그늘\r아래에서 잘 자라고 여름철에는 직사광선을\r약간 피함, 분 흙이 충분히 마른 뒤 며칠 후 충분히 관수," 포기나누기, 잎꽂이",, 병충해에는 별로 걸리지 않으나 잎을 깨끗이 닦아주도록 함, 쉬움, 약간 돌봄,, 발코니 내측까지 이용 가능함 형태와 색상 모두 유지하고 싱싱한 녹색 빛을 띰," 10월 상, 중순부터 물을 점차 줄이고 비료도\r주지 않음\r고온에서 잘 자라고 저온에는 매우 약하므로\r겨울에 냉해를 입지 않도록 잘 보온하여\r적정온도 20-25℃를 유지함"
2, 미파," Faucaria tigrina Kikunami , 석류풀과", 경파, 남아프리카, 로제트형, 초가을부터 민들레처럼 생긴 노란색 꽃이 핌\r낮에만 핌, 녹색, 가는 뿌리," 가을~봄 성장 (겨울생장형, 여름에 휴면)", 보통,, 0°C, 원예선발품종으로 식물체의 지름이 4cm 정도이며\r잎의 단면은 삼각형 모양을 이루고 있으며 잎이\r빽빽하게 겹쳐있음\r전체적으로 진녹색이고 매끈하며 잎의 가장자리는\r흰색의 줄무늬가 둘러져 있음," 반그늘~부분적인 강광, 실내 밝은 곳에서 키움\r한 여름에는 반그늘에서 키움", 한 달에 한 번 정도 과습하지 않게 관리\r여름철에는 물을 거의 주지 않음, 잎꽂이, 한여름 무더위나 습기에 약함과습에 민감하여 줄기가 쉽게 물러짐,, 어려움, 필요함,, 발코니 내측까지 이용 가능함 창측과 형태와 색상 모두 유지함,
3, 벽어연," Echinus maximilianus, 석류풀과",, 남아프리카 남부, 불규칙형, 여름에 줄기 끝에서 노란색으로 한 송이씩 두상화로 달림\r꽃잎의 수가 많으며 지름은 2cm정도임\r연보라색 꽃이 우산모양으로 피고 가운데 수술은\r노란색이며 봉우리는 분홍색임, 온도 차가 심해지면 잎 끝부분이 붉게 물듦, 가는 뿌리, 가을~봄 성장 (겨울생장형), 보통,, 0°C," 키가 90cm인 관목형으로 잎은 가위모양이며,\r포복성이 있어 길어지면 옆으로 누움\r어린가지는 붉은색을 띠며 묵은 가지는 목질화됨", 반그늘이나 부분적인 강광, 잎에 주름이 생기면 관수\r휴면기인 여름철에는 단수하고 서늘한 곳에 둠," 자구꽂이, 포기나누기", 여름철 고온에 약함,, 보통, 약간 돌봄,, 발코니 내측까지 이용 가능함 창측과 형태와 색상 모두 유지함,
4, 입전봉," Sinocrassula densirosulata, 돌나물과",,, 군생형,, 잎 뒷면이 붉은색으로 변함, 가는 뿌리, 봄~가을 성장, 빠름,, 5°C,, 충분한 광 필요, 여름철에는 물을 적게 줌," 잎꽂이, 줄기꽂이",,, 매우 어려움, 필요함,, 발코니 내측까지 이용 가능함 약간 부피감이 커지고 붉은색이 연해짐,
5, 사마로," Sinocrassula yunnanensis, 돌나물과",, 중국, 군생형, 철화는 꽃을 피우지 않음, 검은색 빛, 가는 뿌리," 봄~가을 성장 (여름생장형, 겨울에 휴면)", 느림,, 3°C, 검은빛의 바위솔로 잎이 작음\r광량에 따라 몸빛이 더욱 곱게 물듦\r갸름하고 통통한 잎에 살짝 펠트 조직이 있어\r부드러운 느낌임\r군생하며 자람, 충분한 광 필요, 여름철에는 물을 적게 줌," 잎꽂이, 줄기꽂이",,, 매우 어려움, 필요함,, 발코니 내측까지 이용 가능함 약간 부피감이 커지는듯 하지만 형태와 색이\r거의 변함 없음,
6, 모난데스 폴리필라," Monanthes polyphylla, 돌나물과",, 카나리아제도, 군생형, 봄에 우주선과 같이 생긴 독특한 꽃이 핌, 빛을 충분히 받으면 잎 가장자리가 적갈색으로 물듦, 가는 뿌리, 가을~봄 성장 (겨울생장형), 보통,, 0°C, 소형종으로 빽빽하게 모여나며 군락을 이룸\r성장하면서 잎 사이에서 새로운 자구가 나옴\r강광에서 녹기 쉽고 습기에도 약해 반그늘에서 키워야함, 여름에는 강광보다는 반그늘 통풍이 잘되는 곳에서\r건조하게 키움, 한 달에 두 번 정도 흠뻑 전면관수\r다른 다육들 보다 물을 좀 더 자주 줘야 함, 자구꽂이,,, 쉬움, 약간 돌봄,,,
7, 야로수," Haworthia turgida var. longibracteata, 나리과",, 남아프리카, 로제트형, 가을에서 이른 겨울 사이에 흰 꽃이 핌,, 굵은 뿌리," 봄, 가을 성장 (일 년 내내 성장)", 보통, 18~22°C, 10~15°C, 잎이 옅은 녹색이며 잎면에 하얀색 줄 무늬가 있고\r상단에 삼각 형태의 창이 있음\r기부에서 군생함," 강한 직사광선은 피하고 양지바르고 통풍이 잘되는\r반그늘에서 키움\r직사광선을 받으면 잎이 갈변하며 상하고,\r음지에서는 웃자라게 됨", 분 흙이 충분히 말랐을 때 관수함\r과습하지 않게 건조한 듯 관리," 파종, 포기나누기, 자구꽂이",,, 보통, 약간 돌봄,, 발코니 내측까지 이용 가능함 창측보다 싱싱한 녹색으로 탱글탱글해짐,
8, 수," Haworthia bayeri, 나리과", 보전, 남아프리카, 로제트형, 늦은 봄에서 여름 흰색 꽃이 핌, 청록색 잎의 끝부분이 투명함, 굵은 뿌리," 봄, 가을 성장 (일 년 내내 성장)", 보통,, 10~15°C, 줄기가 없는 잎은 로제트를 이루며 군생하고\r3~5cm정도 크기의 두터운 잎은 15~20개\r정도가 넓게 직립\r하며 성장하며 진한 청색을 띠고 흰색의 선이 있음, 강한 직사광선은 피하고 양지바르고 통풍이 잘되는\r반그늘에서 키움\r직사광선을 받으면 잎이 상함, 분 흙이 충분히 말랐을 때 관수함\r과습하지 않게 건조한 듯 관리," 파종, 포기나누기, 자구꽂이",,, 보통, 약간 돌봄,, 발코니 내측까지 이용 가능함 잎이 진한 녹색으로 탱글탱글해짐,
9, 십이지권," Haworthia reinwardtii Brevucula , 나리과",, 남아프리카, 로제트형, 여름에 흰색의 작은 통꽃이 핌, 빛을 충분히 받으면 여러색으로 물듦, 굵은 뿌리," 봄, 가을 성장 (일 년 내내 성장)", 보통,, 10~15°C," 줄기가 없으며, 지름 8~10cm의 로제트를 이룸\r잎은 길이 4~4.5cm, 폭 1.5cm 정도로 긴 삼각형이며\r선단은 뾰족함\r잎 뒷면의 결절은 백색이며 가로줄무늬를 이룸\rHaworthia속 중에서 가장 널리 일반에 보급된 종", 밝은 빛을 좋아하지만 반양지성으로 5~9월의\r따가운 직사광선은 차광하고 실내에서 기를 경우는\r창가나 밝은 곳에서 기름, 여름에는 분 흙이 마른 2~3일후에 충분히 관수\r겨울 휴면기에는 단수함, 포기나누기,,, 보통, 약간 돌봄, 비료는 주지 않음,,
10, 알로에," Aloe ssp., 나리과",,, 불규칙형,,, 굵은 뿌리, 봄~가을 성장 (여름생장형), 빠름,, 5°C," 소형종으로 식물체의 지름이 10cm이며,\r널리 알려짐\r노란 꽃이 핌\r더위에 약함\r자주가 많이 생김", 강한 직사광선에서 잘 자라지만 반그늘에서\r관리하면 더 튼튼한 다육질이 됨," 여름철에는 분 흙이 완전히 건조되었을 때\r관수하고, 겨울에는 거의 주지 않음"," 파종, 포기나누기", 고온다습 조건에서 무름병이 발생할 수 있음,, 쉬움, 약간 돌봄,, 발코니 내측까지 이용 가능함 창측에 비해 싱그러운 녹색을 띠며 생육하여\r건강해 보임,
11, 불야성," Aloe mitriformis, 나리과",, 남아프리카, 불규칙형, 여름철에 주황~적색 꽃이 핌, 초록색의 잎 둘레에 옅은 황색 가시가 있음, 굵은 뿌리, 봄~가을 성장 (여름생장형), 빠름,, 5°C," 소형종으로 식물체의 지름이 10cm임\r잎 가장자리에 가시가 있으며, 기부에서 분지함", 강한 직사광선에서 잘 자라지만 반그늘에서\r관리하면 더 튼튼한 다육질이 됨," 여름철에는 분 흙이 완전히 건조되었을 때\r관수하고, 겨울에는 거의 물을 주지 않음"," 파종, 포기나누기", 고온다습 조건에서 무름병이 발생할 수 있음,, 쉬움, 약간 돌봄,, 발코니 내측까지 이용 가능함 창측에 비해 싱그러운 녹색을 띠며 생육하여\r건강해 보임,
12, 자보," Gasteria gracilis var. minima, 백합과",, 남아프리카 남부, 로제트형, 봄에 꽃이 핌,, 굵은 뿌리," 봄, 가을 성장 (일 년 내내 성장)", 느림,, -5°C, 잎 길이가 7cm 정도이며 얇고 호생함\r기부에서 분지하여 군생\r잎에 반점이 많은 것은 조금 약하고 생장도 느림," 한여름 한낮의 강한 직사광만 피하고 가능한\r햇빛이 잘 드는 곳에서 기름\r실내 약광, 간접광에도 잘 적응하는 편임"," 성장기인 여름철에는 일조량에 따라 화분 겉흙이\r마를 때 물을 흠뻑 줌\r봄, 가을에는 월 2회 정도, 겨울에는 월 1회 정도 관수", 포기나누기,,, 쉬움, 잘 견딤,, 발코니 내측까지 이용 가능함 창측의 형태와 반점은 변함 없고 색깔이 녹색으로 변함,
13, 상조," Pachyveria exotica, 돌나물과", 서리의 아침, 멕시코, 로제트형, 봄~여름사이 노란 색 꽃이 핌,, 가는 뿌리," 봄~가을 성장 (여름생장형, 겨울에 휴면)", 보통,, 3°C, 잎이 도톰하고 길며 백분이 있음\r잎을 억지로 따면 상처가 남\r여름철에는 물을 적게 줌\r번식이 잘 됨, 분 흙이 마르면 충분히 관수\r잎에 물이 닿지 않도록 주의함," 잎꽂이, 자구꽂이", 보통,,,, 약간 돌봄,,,
14, 자려전," Pachyveria Royal Flush , 돌나물과", 흑미인, 멕시코, 군생형, 가을에 자줏빛 꽃대 위에 주황색 꽃이 핌, 환경에 따라 흑자주색으로 물듦,," 봄~가을 성장 (여름생장형, 겨울에 휴면)", 빠름,, 3°C, 약 15cm너비의 장미꽃 형상이며 잎은 연한\r붉은색의 두꺼운 반원통모양임, 해가 드는 곳이나 밝은 곳, 한 달에 1~2번 흠뻑 전면 관수," 잎꽂이, 줄기꽂이",, 고온 다습 환경시 충해의 피해가 큼, 보통, 약간 돌봄,, 발코니 창측까지 이용 가능함,
15, 입전," Pachyveria scheideckeri, 돌나물과"," 입전군생, 원종 엘레강스, 다쯔다", 멕시코, 군생형, 늦은 봄부터 여름까지 맑은 주황색 꽃이 핌,, 가는 뿌리," 봄~가을 성장 (여름생장형, 겨울에 휴면)", 빠름,, 3°C, 곧게 선 줄기에 잎이 약간 긺\r잎이 떨어진 후에 줄기 끝에 잎이 남\r성장이 좋은 다육이로 주걱모양의 기다란 잎이\r탐스럽게 런너를 형성하며 성장하고 잎 표면이\r미세한 백분으로 덮여 있어 뽀얗고 깔끔함\r성장하면서 줄기는 곧고 튼튼하게 목질화됨, 하루 4~5시간 이상의 햇빛을 요구함, 한 달에 두 번 정도 흠뻑 관수," 잎꽂이, 자구꽂이", 고온다습을 피함,, 보통, 약간 돌봄,, 발코니 창측까지 이용 가능함 잎이 아래로 쳐지면서 벌어짐,
16, 일레인," Pachyveria Elaine Reinelt , 돌나물과",,, 로제트형,,, 가는 뿌리, 여름형(3~7월) /겨울형(9~1월), 보통, 약간 돌봄,,,,,,,,,,, 발코니 창측까지 이용 가능함,
17, 홍미인," Pachyphytum oviferum ‘Momovijin’ , 돌나물과",, 멕시코, 불규칙형, 겨울부터 초여름 사이에 나팔 모양의 붉은색 \r꽃이 핌, 잎끝부터 분홍빛으로 물듦, 가는 뿌리," 봄~가을 성장 (여름생장형, 겨울에 휴면)", 보통,, 0°C, 목대에 끈적임이 있음, 하루 4~5시간 이상의 충분한 광,," 잎꽂이, 줄기꽂이",,, 보통, 약간 돌봄,, 발코니 내측까지 이용 가능함 분홍빛은 띠지 않고 연한 백분을 유지함\r잎의 각도가 아래로 벌어짐,
18, 성미인," Pachyphytum oviferum, 돌나물과",, 멕시코, 불규칙형, 4~6월 사이에 선홍색(내측은 적색) 종 모양의\r꽃이 핌, 옅은 청록색의 잎이 붉은 보라색으로 물듦, 가는 뿌리," 봄~가을 성장 (여름생장형, 겨울에 휴면)", 빠름,, 7°C," 작고 낮은 나무모양으 로, 잎끝은 넓고 둥글며\r끝은 약간 뾰족함\r백분을 띤 잎은 옅은 청록색\r잎 길이는 2∼4cm, 폭은 2∼2.5cm로\r두께는 1∼1.5cm로 두꺼움", 반그늘, 성장기에는 물을 한 번 주고 나면 흙을 완전히\r건조 후에 관수함," 줄기꽂이, 잎꽂이, 파종",,, 보통, 필요함,,,
19, 군작," Pachyphytum viride, 돌나물과", 비리데, 멕시코, 로제트형, 봄부터 여름에 흰(안쪽은 적색)꽃이 핌, 어두운 녹색의 잎이 가을부터 겨울에 햇빛을\r받으면 검붉은색으로 물듦, 가는 뿌리," 봄~가을 성장 (여름생장형, 겨울에 휴면)", 빠름,, 2~3°C, 식물체의 지름이 10cm임\r길고 통통한 잎이 돌려나며 방추형임\r성장이 느린편이며 줄기가 엄지손가락보다 굵게\r목질화되는 모습을 볼 수 있음," 빛이 잘 들고 통풍이 용이한 곳(베란다, 창가)"," 여름철, 겉흙이 말랐을 때 흠뻑 관수하며\r겨울철에는 분 흙이 완전히 말랐을 때\r촉촉하게 해줌\r5°C이하의 저온과 30°C이상의 고온 휴면기에는\r물을 주지 않음"," 잎꽂이, 줄기꽂이",,, 보통, 약간 돌봄,,,
20, 신화월," Crassula ovata Obliqua , 돌나물과",, 남아프리카, 관목형," 봄, 겨울에 흰색과 연분홍 색의 꽃이 핌",, 가는 뿌리, 여름형(3~7월) /겨울형(9~1월), 보통,, 5°C, 잎이 화월보다 둥글며 가장자리가 붉게 물듦\r여름에는 잎이 파랗게 되며 가을에 다시 노랗게 됨, 밝은 빛이나 직사광선에서 잘 자람, 줄기와 잎에 수분을 저장하고 있기 때문에 심한\r건조도 견뎌낼 수 있어 분 흙의 표면이 말라도\r바로 물을 줄 필요는 없음\r생장이 일시적으로 멈추는 한여름에는 물을\r너무 많이주면 뿌리가 쉽게 썩음," 잎꽂이, 줄기꽂이",," 배수가 안 되면 잿빛곰팡이병에 걸리기 쉬움\r진딧물, 거미응애", 쉬움,," 5월과 9월 초순에 2회, 비료를 주면 잘 자람",," 따뜻한 곳이라면 실외에서도 시들지 않지만,\r서리에는 상당히 약하므로 주의함"
21, 무을녀," Crassula rupestriss Marnieriana , 돌나물과",, 남아프리카공화국, 탑형, 여름에서 이른 가을사이 종 모양의 흰색 꽃이 핌, 잎 끝에 붉은색, 가는 뿌리," 가을~봄 성장 (겨울생장형, 여름에 휴면)", 보통, 15~30°C, 10°C," 15~30cm 내외로 자라며, 줄기에 있는 마디를\r가릴정도로 많은 잎이 비스듬히 마주남\r잎은 둥근 형이며 짧고 통통함. 줄기는 가늘고\r탑을 쌓아가듯 곧게 뻗으며, 추후 옆으로 기듯이\r뻗어나고 군생함", 직사광선 등 충분한 햇빛 필요, 한 달에 두번 정도 흠뻑 전면 관수," 줄기꽂이, 줄기를 2~3마디 정도 잘라 흙에\r옮겨 심음\r잘린 줄기는 두 개로 나뉘며 성장함",, 잎에 물기가 있으면 충이 생길 수 있음, 보통, 약간 돌봄,, 발코니 창측까지 이용 가능함 발코니 내측에서는 가장 선단에 있는 어린 잎 웃자람,
22, 우주목," Crassula portulacea monstrosa Gollum , 돌나물과",, 남아프리카, 불규칙형, 늦은 봄부터 여름까지 분홍색 꽃이 핌, 빛을 충분히 받으면 원통형의 잎 끝이 붉게 물듦, 가는 뿌리," 가을~봄 성장 (겨울생장형, 여름에 휴면)", 보통,, 5°C, 잎은 끝이 빨판 모양 원통형\r줄기는 약한 편이고 추위에 약함, 직사광선을 피함, 한 달에 두 번 정도 흠뻑 전면 관수\r여름 장마철과 겨울에는 단수," 잎꽂이, 줄기꽂이",,, 보통, 약간 돌봄,, 발코니 내측까지 이용 가능함 창측의 형태를 유지하나 붉은 빛은 적어지고\r전반적으로 녹색을 띰,
23, 십자성," Crassula perforata, 돌나물과", 영자, 남아프리카, 탑형, 가을부터 이른 봄까지 흰색 꽃이 핌," 봄, 가을 빛을 충분히 받으면 잎 가장자리가 붉게 물듦", 가는 뿌리," 가을~봄 성장 (겨울생장형, 여름에 휴면)", 보통,, 5°C," 줄기는 분 지성으로 많 이 자 라다가 나 중에는\r쓰러져서 자라기도 함\r잎은 마주나고 끝부분이 뾰족한 타원형에 가까운\r회녹색이고 잎 둘레에 적색무늬가 있음\r잎의 길이는 15~25mm, 폭은 9~13mm임", 웃자라지 않기 위해 충분한 광 필요\r한여름 직사광선 피함, 한 달에 두 번 가량 분의 흙이 흠뻑 젖도록 관수," 잎꽂이, 줄기꽂이",,, 보통, 약간 돌봄,, 발코니 창측까지 이용 가능함,
24, 남십자성," Crassula perforata var. variegata, 돌나물과",, 아프리카, 탑형, 봄~여름 연노랑색 꽃이 핌, 연두색 잎이 강한 광을 받으면 잎 가장자리가 붉게 물듦, 가는 뿌리," 가을~봄 성장 (겨울생장형, 여름에 휴면)", 보통,, 4~7°C," 잎은 십자성과 비슷하나 잎에 무늬가 있고 조금 더 얇음\r마주나는 연두색 두 잎이 열십자 모양으로 교차함\r분지성으로 많은 줄기가 자라며, 46cm 까지 자람"," 충분한 광을 받아야 잎 간격이 촘촘하게 생장함\r직사광선, 강광에 강함", 한 달에 두 번 가량 분의 흙이 흠뻑 젖도록 관수," 줄기꽂이, 포기나누기",, 잎에 물기가 남아 있으면 충이 잘 생김, 보통, 약간 돌봄,,,
25, 염자," Crassula ovata, 돌나물과", 화월, 남아프리카, 관목형, 봄에 작은 별 모양의 흰 꽃이 무수히 피지만\r실내에서는 보기 어려움, 녹색의 잎 가장자리가 붉게 물듦, 가는 뿌리," 가을~봄 성장 (겨울생장형, 여름에 휴면)", 빠름, 15~35°C, 3°C, 실내에서 1m 정도까지 자람, 밝은 빛이나 직사광선에서 잘 자람, 생장이 일시적으로 멈추는 한여름에 물을 너무\r많이 주면 뿌리가 쉽게 썩음," 잎꽂이, 줄기꽂이", 배수가 안 되면 잿빛곰팡이병에 걸리기 쉬움," 진딧물, 거미응애", 쉬움, 약간 돌봄," 봄, 여름 액비를 격주로 줌5월과 9월 초순에 2회, 비료를 주면 잘 자람", 발코니 내측까지 이용 가능함, 실온에서 잘 자라며 겨울철에는 7-13°C의 저온에 두는 것이 좋다.
26, 애성," Crassula nudicaulis var. herrei, 돌나물과",, 나미비아, 불규칙형, 봄에 짙은 복숭아색 꽃이 핌, 일조량과 통풍이 좋으면 옅은 녹색의 잎 테두리가\r홍색으로 선명하게 물듦, 가는 뿌리," 가을~봄 성장 (겨울생장형, 여름에 휴면)", 느림,, 5~10°C, 통통한 삼각형 모양의 잎이 십자 형태로 마주 보고\r나오며 위로 25~30cm 까지 자람, 충분한 광 요구, 한 달에 두 번 정도 흠뻑 관수\r여름철에 단수," 포기나누기, 줄기꽂이",,, 매우 어려움, 필요함,, 발코니 창측까지 이용 가능함,
27, 기천," Crassula Moonglow , 돌나물과",, 남아프리카, 탑형, 꽃대는 굵고 흰색이며 여름에 작은 주황색 꽃이 핌,, 가는 뿌리," 가을~봄 성장 (겨울생장형, 여름에 휴면)", 느림,, 5°C," 직경 4cm 정도의 사각형 기둥모양으로 잎은 두껍고\r빽빽하게 겹쳐 있으며, 회백 녹색을 띰\r잎의 윗면은 편평하며 각이 져 있고, 아랫면은\r부풀어 오른 모양", 한여름의 강한 직사광선보다는 통풍이 잘 되는\r밝은 그늘이 좋음," 장마철에는 일주일 전부터 단수, 겨울철에는\r물을 거의 주지 않음", 줄기꽂이,, 잎 사이에 물이 고이면 곰팡이병에 걸리기 쉬움\r곰팡이병에 걸리면 잎색이 갈색으로 변하면서\r형태가 쭈그러듦, 어려움, 필요함,,,
28, 은전," Crassula mesembryanthemoides, 돌나물과",," 남아프리카공화국, 탄자니아", 관목형,, 녹색의 잎 표면에 하얀색 솜털이 무성, 가는 뿌리," 가을~봄 성장 (겨울생장형, 여름에 휴면)", 빠름,, 0°C, 가늘고 긴 잎에 길고 부드러운 흰색 털이 붙어 있음\r군생으로 자람\r봄에 줄기를 잘라 번식, 직사광선을 피함, 분 흙이 말랐을 때 흠뻑 관수," 자구꽂이, 줄기꽂이, 포기나누기",,, 보통, 약간 돌봄,, 발코니 내측까지 이용 가능함 창측의 형태를 유지하고 정단부쪽으로 약간\r절간장이 길어지지만 관상가치 있음,
29, 백로," Crassula deltoidea, 돌나물과", 백묘, 남아프리카, 포복형, 봄에 흰색 꽃이 개화,, 가는 뿌리," 가을~봄 성장 (겨울생장형, 여름에 휴면)", 느림,, 5~10°C, 12cm까지 자람\r자생지가 넓고 형태가 다양\r군생으로 키움\r여름철에는 물을 적게 줌," 충분한 광, 한여름에는 직사광선을 피함", 겉흙이 완전히 마를 때 관수\r여름철에는 가급적 건조하게 관리, 줄기꽂이,,, 어려움, 필요함,, 발코니 창측까지 이용 가능함,
30, 크라슐라 ‘다비드’," Crassula David , 돌나물과",, 남아프리카, 포복형, 봄에 개화, 생육환경에 따라 노란색에서 붉은색으로 물듦, 가는 뿌리," 가을~봄 성장 (겨울생장형, 여름에 휴면)", 빠름,, 5~10°C,, 직사광선을 피한 밝은 광 필요, 겉흙이 완전히 마를 때 관수\r여름철에는 가급적 건조하게 관리," 파종, 잎꽂이",,, 보통, 약간 돌봄,, 발코니 창측까지 이용 가능함,
31, 크라슐라 ‘부다템플’," Crassula Buddhas Temple , 돌나물과", 대형녹탑, 미국, 탑형, 11월 부터 1월 사이 흰색의 꽃이 핌, 잎의 가장자리부터 붉게 물듦, 가는 뿌리," 가을~봄 성장 (겨울생장형, 여름에 휴면)", 느림, 12~30°C, 5~10°C, 잎 너비가 2~3cm로 탑처럼 쌓여 가며 길게 자람\r육각형 모양을 띤 것도 있음, 직광을 피한 밝은 광 요구, 겉흙이 완전히 마를 때 관수\r여름철에는 가급적 건조하게 관리, 줄기꽂이, 과습에 약함, 깍지벌레 주의, 어려움, 필요함,," 발코니 내측까지 이용 가능함 키가 자라 커다란 탑 모양을 만들지만 지지하는데\r문제가 없고, 창측과 전혀 다른 모습이지만\r관상가치 있음",
32, 적귀성," Crassula cappitella Campfire X C. fusca Momigimatsuri , 돌나물과",, 남아프리카, 군생형, 가을부터 겨울 사이에 흰색의 작은 꽃이 다발로 핌, 푸른 색의 잎이 가을이 되면 붉게 물듦, 가는 뿌리," 봄~가을 성장 (여름생장형, 겨울에 휴면)", 보통,, 5~10°C, 원예종으로 소형이며 잎 전체가 붉게 물듦\r강하게 키우는 것이 좋음, 충분한 빛, 건조하게 관리\r잎에 주름이 생기기 시작할 때 관수," 잎꽂이, 줄기꽂이",,, 어려움, 필요함,, 발코니 창측까지 이용 가능함,
33, 화제," Crassula Americana Flame , 돌나물과",, 아프리카, 로제트형, 가을부터 겨울까지 흰 색 꽃이 핌, 해를 자주 볼 수로 붉게 물듦, 가는 뿌리," 봄~가을 성장 (여름생장형, 겨울에 휴면)", 보통,, 5~10°C, 잎 너비는 1~2cm 정도이며 빨간색을 띰, 실외나 햇빛이 잘 드는 실내에서 키움," 잎이 쭈글거릴 때 듬뿍 관수함\r건조하게 키워야 잎색이 선명해지고,\r물을 많이 주면 잎이 초록색으로 됨"," 잎꽂이, 줄기꽂이",,, 보통, 약간 돌봄,, 발코니 창측까지 이용 가능함,
34, 복랑," Cotyledon orbiculata var. oophylla, 돌나물과",, 남아프리카, 불규칙형, 봄~여름 사이 연한 홍색의 꽃이 핌, 원통 모양의 잎 끝부분이 특유의 자홍색으로 물듦, 가는 뿌리, 봄~가을 생장 (여름생장형), 느림,, 5~10°C," 백녹색의 잎에 보랏빛 홍색선이 둘러져 있으며\r백분이 있음\r겨울철에는 그다지 자라지 않으며, 5°C 이상을\r유지하고 물을 적게 줌", 직사광선을 피함," 1~2주에 한 번 흠뻑 관수 여름, 겨울철에는 관수\r횟수를 줄임", 자구꽂이,,, 매우 어려움, 필요함,, 발코니 창측까지 이용 가능함,
35, 백미인," Cotyledon orbiculata sp., 돌나물과",, 멕시코, 군생형,,, 가는 뿌리, 봄~가을 생장 (여름생장형), 빠름,, 5~10°C,, 충분한 광 필요, 한 달에 두 번 가량 흠뻑 관수," 파종, 잎꽂이, 줄기꽂이",,, 보통, 약간 돌봄,, 발코니 창측까지 이용 가능함,
36, 웅동자," Cotyledon tomentosa, 돌나물과",, 남아프리카, 불규칙형," (꽃대) 10~20cm, 주황색~적갈색의 초롱꽃 모양\r꽃은 생장점 끝부분에 핌", 가을이 되면 잎 가장자리의 돌기가 적갈색으로 물듦, 가는 뿌리," 봄~가을 성장 (여름생장형, 겨울에 휴면)", 빠름, -1~35℃, -1°C," 줄기는 높이 30cm정도의 낮은 나무 모양으로\r자라며, 가지가 계속 발생해 넓게 퍼짐\r회록색의 몸체에 두툼한 털이 월토이와 비슷하며\r길이 2.5cm, 폭 1.2cm 정도인 잎이 많이 달림", 강한 광선은 잎 끝을 빨간색으로 변색시킬 수\r있으나 반그늘에서 문제없이 자람\r한여름 고온의 직사광선을 피함, 화분 위 흙만 젖도록 관수," 파종, 줄기꽂이",,, 쉬움, 잘 견딤,,, 양지바른 곳에서 건조하게 키움
37, 월토이," Kalanchoe tomentosa, 돌나물과",, 마다가스카르, 로제트형, 개화시기가 일정하지 않음. 연녹색의 꽃이 핌,, 가는 뿌리, 봄~가을 성장 (겨울에 휴면), 빠름, 15~35°C, 5°C," 기부에서부터 가지를 치며 높이 50cm 정도\r잎은 상당히 다육질이며 원형으로 긴 편. 길이 7cm,\r폭 2cm 정도임\r줄기와 잎은 조밀한 백모(白毛)형태의 펠트로\r덮여있으며 잎 가장자리에는 톱니 모양으로\r진한 갈색의 반점이 있음", 충분한 햇빛을 요구, 한 달에 두 번 정도 흠뻑 관수," 줄기꽂이, 잎꽂이",,, 쉬움, 잘 견딤,, 발코니 창측까지 이용 가능함 잎의 각도 벌어짐,
38, 당인," Kalanchoe thyrsifolia, 돌나물과",, 마다가스카르, 불규칙형, 겨울부터 이른 봄까지 노란 색 꽃이 핌, 가을부터 겨울에 충분한 빛을 받으면\r잎 가장자리의 홍색 테두리가 더욱\r빨갛게 됨, 가는 뿌리, 봄~가을 성장 (겨울에 휴면), 빠름, 12~35°C, -2°C," 줄기에는 잎이 촘촘하게 붙어 있으며 줄기는\r1m 정도까지 자람\r백분을 띤 잎은 길이 10~15cm, 폭 4~6cm 정도로\r가장 자리가 붉으며 계란형임", 간접광에서도 생육 가능하지만 많은 양의 직접광이 필요, 분 흙이 완전히 마르면 흠뻑 관수," 잎꽂이, 포기나누기",,, 보통, 필요함,,,
39, 캐시미어바이올렛," Aeonium velour, 돌나물과",, 카나리제도, 직립형,, 빛을 충분히 받으면 잎장의 끝부터 자주 빛으로 물듦, 가는 뿌리, 가을~봄 성장 (겨울생장형), 빠름, 10~24°C, -7°C, 보랏 빛깔 장미 모양 형태에 은은한 장미향이 남\r잎사귀를 만지면 짧은 잔털이 있어서 캐시미어처럼\r부드러움,, 휴면기인 여름에는 단수, 줄기꽂이,,, 쉬움, 약간 돌봄,, 발코니 창측까지 이용 가능함 잎이 넓어지고 벌어짐,
40, 소인제," Aeonium sedifolium, 돌나물과",, 카나리제도, 관목형, 늦은 봄부터 노란색 꽃이 핌, 햇빛을 받으면 잎면의 붉은색 무늬가 선명해짐, 가는 뿌리," 가을~봄 성장 (여름생장형, 겨울에 휴면)", 보통, 3~35°C, 0°C, 잎 길이가 2cm이고 끈적거림\r줄기는 얇고 진한 갈색을 띠며 잘 부러짐\r잎이 유접곡보다 원통형임, 충분한 광을 받아야 웃자람이 없고 잎의 무늬가 선명해짐, 완전히 건조해졌을 때 충분히 관수," 파종, 줄기꽂이",,, 보통, 필요함,,,
41, 유접곡," Aeonium arnoldii, 돌나물과", 청패희, 아프리카 남부, 관목형, 늦봄에 노란색 꽃이 핌, 잎의 갈색 무늬가 햇빛을 자주 볼수록 색이 선명해짐, 가는 뿌리," 가을~봄 성장 (겨울생장형, 여름에 휴면)", 빠름, 3~35°C, -7°C, 줄기 끝 부분에 로제트상으로 작은 잎을 만듦\r잎 길이는 1cm이고 둥근 형태로 표면에 갈색\r무늬가 있음\r녹색의 가느다란 줄기는 점차 목질화됨\r소인제보다 잎이 넓음, 충분한 광을 받아야 웃자람이 없고 잎의 무늬가 선명해짐, 완전히 건조해졌을 때 충분히 관수," 파종, 줄기꽂이",,, 보통, 약간 돌봄,, 발코니 내측까지 이용 가능함 잎이 녹색으로 변하고 잎 모양이 활짝 전개됨,
42, 흑법사(黑法師)," Aeonium arboreum Atropurpureum , 돌나물과",, 카나리아 섬, 직립형," 긴 총상화서로 25~30cm, 연한 황색꽃이 여름에 개화", 햇빛을 많이 받으면 더 새까매져서 특유의 색이 나옴, 가는 뿌리, 가을~봄 성장 (겨울생장형), 빠름, 10°C 이상, -2°C," 원예품종으로 잎이 줄기 끝에 로제트 형상으로\r자라고, 25cm 정도 높이의 곧은 줄기에 가지가\r조금 나옴\r로제트의 직경은 20cm 정도로 잎은 암적자색으로\r밀생하고 주걱모양이며 선단은 뾰족하지 않음\r잎 주위에서는 흰털이 남", 양지나 반그늘에서 키움\r채색을 변화시키려면 많은 빛을 쬐어야 함, 분 흙이 완전히 건조해졌을 때 흠뻑 관수," 줄기꽂이, 파종\r어느 정도 자랐을 때 줄기 끝을 자르고 그늘진 곳에\r놓아두면 곧 뿌리가 발생함",,, 쉬움, 약간 돌봄,, 발코니 내측까지 이용 가능함 잎 중심 초록색부위가 넓어져 잎끝으로만 진한 자주 빛,
43, 홍용월," Graptopetalum paraguayense, 돌나물과",, 멕시코, 직립형," 이른 봄에 붉은 반점이 있는 흰색의 별모양 꽃이 핌\r꽃대 15cm, 크기 3cm", 햇빛을 많이 받으면 진한 분홍빛으로 물듦, 가는 뿌리," 봄~가을 성장 (여름생장형, 겨울에 휴면)", 빠름,, 0°C, 갸름한 잎이 두툼하게 로제트 형으로 자라며\r잎 끝 부분에 흰색 띠가 나타남\r생장이 빠르며 잘 늘어짐\r줄기가 단단하고 추위에 강함, 밝은 그늘에서 키움, 한 달에 두 번 정도 전체적으로 흠뻑 관수," 파종, 줄기꽂이, 잎꽂이", 여름철 고온에 약함, 고온다습한 환경에서 충해의 피해 큼, 매우 쉬움, 잘 견딤,,,
44, 그랍토페탈룸 멘도자," Graptopetalum mendozae, 돌나물과"," 멘도사, 베라히긴즈, 멘도자", 멕시코, 관목형," 늦은 봄부터 여름까지 흰색의 꽃이 핌\r꽃은 직경 1cm 정도로 작으며, 꽃잎은 3~5장\r다른 그랍토페탈룸과 식물들과 달리 꽃잎에\r줄무늬나 반점이 없음", 강한 빛을 받으면 잎끝이 붉게 물듦, 가는 뿌리," 봄~가을 성장 (여름생장형, 겨울에 휴면)", 빠름,, 0°C," 10~15cm 까지 성장\r잎 길이 1.0~1.5cm, 폭 0.5cm 까지 됨\r군생하며 자라고 옅은 살구색을 띰\r더디게 키우는 것이 좋음", 충분한 빛, 약 한 달 주기로 물을 줌\r겨울철에는 잎에 주름이 생기면 줌," 줄기꽂이, 잎꽂이",, 고온다습한 환경에서 충해의 피해 큼, 쉬움, 약간 돌봄,, 발코니 창측까지 이용 가능함,
45, 그랍토베리아 ‘퍼플드림’," Graptoveria Purpledream , 돌나물과",, 멕시코, 관목형,,, 가는 뿌리," 봄~가을 성장 (여름생장형, 겨울에 휴면)", 빠름,, 0°C, 수목형으로 성장하는 소형종. 기다란 잎들이 줄기를\r따라 로제트로 성장하는 모습으로 기부에서 자구를\r만들며 풍성하게 군생, 강한 햇빛에서 관리\r햇빛이 부족하면 잎 간격이 길어지고 잎 모양이 성글어짐, 한 달에 두 번 정도 전체적으로 흠뻑 관수\r여름 장마철과 겨울에는 절수해야 함," 봄, 여름에 줄기꽂이, 잎꽂이",,, 쉬움, 약간 돌봄,, 발코니 창측까지 이용 가능함,
46, 흑괴리," Graptoveria FredIvers , 돌나물과",, 멕시코, 직립형, 3월~8월 노란색 꽃 핌, 청록색의 잎이 환경에 따라 점차 검붉은색으로 물듦\r얼룩덜룩하게 물들기 시작,," 봄~가을 성장 (여름생장형, 겨울에 휴면)", 빠름,, 0°C, 길쭉하고 끝이 뾰족한 잎이 로제트형상으로\r둘러나며 비교적 관리가 수월하며 왕성하게\r단기간에 자람,, 한 달에 두 번 정도 전체적으로 흠뻑 관수\r여름 장마철과 겨울에는 절수해야 함," 봄과 여름에 줄기꽂이, 잎꽂이",,, 쉬움, 약간 돌봄,, 발코니 창측까지 이용 가능함,
47, 그랍토베리아 ‘실버스타’," Graptoveria Silverstar , 돌나물과", 실버스타, 남아프리카, 로제트형, 늦은 봄부터 여름까지 살구빛 꽃 핌, 잎이 전체적으로 은색광택을 나타내며 잎끝이\r붉은색을 띰, 가는 뿌리," 봄~가을 성장 (여름생장형, 겨울에 휴면)", 느림,, 0°C," 가늘고 긴 촘촘한 잎 표면에 은색광택이 있으며,\r잎 끝이 가늘고 긴 털 같은 느낌의 붉은색을 띰\r가운데 부분에서 분지하며 군생으로 자람\r성장이 더딘 편임",, 한 달에 두 번 정도 전체적으로 흠뻑 관수\r여름 장마철과 겨울에는 절수해야 함," 잎꽂이, 자구꽂이",,, 보통, 약간 돌봄,, 발코니 내측까지 이용 가능함 선명한 초록색으로 변함,
48, 그랍토베리아 ‘데비’," Graptoveria Debby , 돌나물과", 데비, 멕시코," 직립형, 단측지", 늦은 봄부터 여름까지 층층이 주황색을 띤\r노란색의 꽃을 피움," 옅은 백분이 있으며, 전체적으로 분홍빛을 나타냄", 가는 뿌리," 봄~가을 성장 (여름생장형, 겨울에 휴면)", 보통,, 5°C, 식물체의 지름이 10cm\r길고 납작한 잎이 로제트를 이루며 돌려남\r잎은 분홍색으로 가늘고 길며 도톰함, 직사광선을 피함\r하루 4~5시간 이상 광 요구, 보통 2주 주기로 전면 관수\r여름 장마철과 겨울에는 절수함," 봄과 여름에 줄기꽂이, 잎꽂이",,, 보통, 약간 돌봄,, 발코니 창측까지 이용 가능함,
49, 백모단," Graptoveria Titubans , 돌나물과, 용월과 정야의 교배종", 백모란, 일본," 직립형, 단측지", 늦은 봄부터 여름(5월~7월)까지 붉은색을 띤 크림색\r꽃이 핌, 봄과 가을의 건조기에는 잎이 연보라색을 띰, 가는 뿌리," 봄~가을 성장 (여름생장형, 겨울에 휴면)", 보통,, 0°C, 식물체의 지름이 10cm 정도이며 잎이 겹쳐 남\r더위에 강함, 직사광선을 피함\r하루 4~5시간 이상 햇빛을 보게 함, 한 달에 두 번 정도 전체적으로 흠뻑 관수\r여름 장마철과 겨울에는 절수함," 봄과 여름에 줄기꽂이, 잎꽂이",,, 보통, 약간 돌봄,, 발코니 창측까지 이용 가능함,
50, 연봉," Graptoveria Bainesii , 돌나물과",, 멕시코," 직립형, 단측지", 늦은 봄부터 여름까지 연한 분홍색 꽃이 핌, 붉은색의 잎이 저온에서는 푸른빛이 나는\r붉은색으로 변함\r빛이 충분할수록 잎 전체가 보랏빛으로 변함, 가는 뿌리," 봄~가을 성장 (여름생장형, 겨울에 휴면)", 보통,, 0°C," 줄기가 서고 잎이 둥글고 크며 분홍색을 띰\r저온이 되면 잎에 붉은 점이 생김\r백분으로 덮인 옥색의 잎이 로제트를 이뤄\r모여나며, 잎 두께는 얇은 편임 줄기는\r튼튼하게 목질화되어 성장하며, 줄기부터 자구를 만듦", 직사광선을 피함\r하루 4~5시간 이상 광 요구, 성장기에는 한 달에 2회 정도 관수\r휴면기와 겨울철에는 한 달에 1회 겉흙이 젖을\r정도로만 관수\r여름 장마철에는 관수를 중단," 봄과 여름에 줄기꽂이, 잎꽂이",, 병충해에 강한 내성, 보통, 약간 돌봄,," 발코니 내측까지 이용 가능함 보라색의 반점을 띠고, 잎이 넓어지고 커짐",
51, 에케베리아 ‘탱고’," Echeveria sp. 톱시터비의 교배품종, 돌나물과",," 멕시코, 오클랜드, 캘리포니아", 로제트형, 겨울~늦은 봄 주황색 계열의 종 모양 꽃이 핌, 햇빛을 많이 받으면 분홍색으로 물듦, 가는 뿌리," 봄~가을 성장 (여름생장형, 겨울에 휴면)", 보통, 5~30°C, 0°C,, 햇빛과 통풍이 좋은 곳에서 기름, 봄과 여름에는 충분히 관수하고 겨울철에는\r관수량을 줄이거나 절수 배수가 잘 되어야 함," 잎꽂이, 자구꽂이",,, 어려움, 필요함,, 발코니 창측까지 이용 가능함,
52, 에케베리아 ‘블루에뜨’," Echeveria peacockckii Bluete , 돌나물과",, 멕시코, 로제트형, 봄~여름 사이 12cm의 꽃대에 붉은색 꽃이 핌,, 가는 뿌리," 봄~가을 성장 (여름생장형, 겨울에 휴면)", 빠름,, 0°C," 더위에 약함\r로제트로 군생하며 로제트의 직경은 15cm\r잎의 길이 5~7cm, 너비 2~3cm", 밝은 그늘에서 키움, 봄과 여름에는 충분히 관수하고 겨울철에는\r관수량을 줄임\r배수가 잘 되야 함, 파종\r종자는 21°C에서 10~18일이 지나면 발아하고\r발아 2달이 지난 후 이식,,, 쉬움, 약간 돌봄,,,
53, 에케베리아 ‘미니캐슬’," Echeveria Mini Castle , 돌나물과", 미니캐슬, 멕시코, 로제트형,, 햇빛을 많이 받으면 잎 끝이 분홍색으로 물듦, 가는 뿌리," 봄~가을 성장 (여름생장형, 겨울에 휴면)", 보통, 5~30°C, 0°C,, 햇빛과 통풍이 좋은 곳에서 기름, 봄과 여름에는 충분히 관수하고 겨울철에는\r관수량을 줄임\r배수가 잘 되어야 함," 잎꽂이, 자구꽂이",, 고온다습한 환경에서 충해의 피해가 큼, 보통, 필요함,,,
54, 에케베리아 톨루센시스," Echeveria tolucensis, 돌나물과", 트리멘시스, 멕시코, 로제트형,, 햇빛을 많이 받으면 잎 끝이 분홍색으로 물듦, 가는 뿌리," 봄~가을 성장 (여름생장형, 겨울에 휴면)", 보통, 5~30°C, 0°C,, 햇빛과 통풍이 좋은 곳에서 기름, 봄과 여름에는 충분히 관수하고 겨울철에는\r관수량을 줄임\r배수가 잘 되어야 함," 잎꽂이, 자구꽂이",,, 보통, 약간 돌봄,, 발코니 내측까지 이용 가능함 잎이 아래를 향해 벌어져 땅가에 붙어 자라는 듯 보임,
55, 에케베리아 ‘데저스스타’," Echeveria Desert Star , 돌나물과",, 멕시코, 로제트형,, 햇빛을 많이 받으면 잎 가장자리에 분홍색 물듦, 가는 뿌리," 봄~가을 성장 (여름생장형, 겨울에 휴면)", 보통,, 0°C,, 햇빛과 통풍이 좋은 곳에서 기름," 봄과 여름에는 충분히 관수하고, 겨울철에는\r관수량을 줄임\r배수가 잘 되어야 함"," 잎꽂이, 자구꽂이",, 고온다습한 환경에서 충해의 피해가 큼, 보통, 필요함,,,
56, 환엽홍사," Echeveria nodulosa Maruba Benithukasa , 돌나물과",, 멕시코, 로제트형," 봄~여름 밑부분은 분홍색, 끝부분은 흰색인 꽃이 핌"," 봄, 가을에 짙은 보라색으로 물듦", 가는 뿌리," 봄~가을 성장 (여름생장형, 겨울에 휴면)", 느림,, 5°C," 홍사의 개량종이며, 강하게 키우면 잎 중앙에 돌기가 생김\r잎은 홍사보다 진한 자주색을 띰\r로제트의 직경 12cm", 햇빛과 통풍이 좋은 곳에서 기름," 봄과 여름에는 충분히 관수하고, 겨울철에는\r관수량을 줄임\r배수가 잘 되어야 함"," 잎꽂이, 자구꽂이",,, 어려움, 필요함,,,
57, 에케베리아 ‘릴리시아나’," Echeveria Liliciana , 돌나물과"," 릴리시나, 릴리시아, 릴리시아나"," 멕시코, 오클랜드, 캘리포니아", 로제트형, 겨울부터 늦은 봄까지 주황색 계열 종 모양의 꽃이 핌, 햇빛을 많이 받으면 분홍색으로 물듦, 가는 뿌리," 봄~가을 성장 (여름생장형, 겨울에 휴면)", 보통, 5~30°C, 0°C, 잎모양이 말려놓은 장미같은 로제트를 이루며 잎에\r은회색의 백분이 있음, 햇빛과 통풍이 좋은 곳에서 기름\r강한 빛을 받을 수록 더 짱짱하게 자람, 한 달에 두 번 정도 흠뻑 전면 관수\r여름 장마철과 겨울에는 관수량을 줄여줌," 잎꽂이, 자구꽂이",,, 보통, 약간 돌봄,,,
58, 조몽," Echeveria wardii, 돌나물과", 아침의 꿈, 멕시코, 군생형,, 빛을 충분히 받으면 분홍색으로 물듦,," 봄~가을 성장 (여름생장형, 겨울에 휴면)", 보통,, 5°C," 식물체의 지름이 10cm이고, 잎이 얇고 길며\r분홍색으로 물듦", 로제트형에서 직립형으로 자람, 더위에 약하므로 여름철에는 적게 관수함, 잎꽂이,,, 보통, 약간 돌봄,,,
59, 구미리," Echeveria spectabilis KUMENOSATO , 돌나물과", 숲의 요정, 멕시코, 관목형,, 전체적으로 붉은 빛, 가는 뿌리," 봄~가을 성장 (여름생장형, 겨울에 휴면)", 빠름, 5~30°C, 0°C," 멕시코, 미국남부에 분포하며 하단부 줄기는 60cm\r까지 자라고 가지가 발달\r70cm까지 자라는 꽃대에 총상꽃차례로 개화\rspectabilis는 “remarkable”의 뜻이 있으며 식물이\r크고 화려한 꽃이 피는데서 유래"," 양지, 반음지", 건조하게 관리," 종자번식, 잎꽂이, 줄기꽂이",,, 보통,,, 발코니 내측까지 이용 가능함 형태의 변화는 크지 않으나 잎의 색은 창측과\r달리 연한 녹색 빛을 띰,
60, 에케베리아 ‘글라우카’," Echeveria secunda Glauca , 돌나물과"," 칠복수, 글라우카, 후커리"," 남아프리카, 모로코", 로제트형," 늦은 봄부터 여름(4~6월)사이에 바깥은 분홍색,\r안쪽은 노란색 꽃이 핌", 납회색의 잎이 가을이 되면 분홍색으로 물듦,," 가을~봄 성장 (겨울생장형, 여름에 휴면)", 빠름, 16~30°C, 3~7°C," 높이 60cm, 줄기직경 1.5cm, 낙엽성의 잎을 가짐\r몸체와 잎은 납회색이며 마디에서 곁가지가 형성됨\r로제트 모양이며, 잎 가장자리가 붉음\r분지가 잘 되며 키우기 쉬움"," 직사광선, 강한 햇빛을 봐야 웃자라지 않음", 매우 건조하게 관리\r건조하게 키우지 않으면 마디가 부러지는 습성이 있음\r휴면기에는 절수함," 자구꽂이, 잎꽂이", 주의,, 쉬움, 잘 견딤,, 발코니 창측까지 이용 가능함, 저온에서도 잘 견딤
61, 에케베리아 ‘톱시터비’," Echeveria runyonii Topsy Turvy , 돌나물과"," 특엽옥접, 톱시터비", 멕시코, 로제트형," 봄부터 가을 사이 주황, 살구, 분홍색 등의 꽃이 핌", 빛을 충분히 받으면 회녹색 잎의 끝이 붉게 물듦,," 봄~가을 성장 (여름생장형, 겨울에 휴면)", 보통,, 5°C, 식물체의 지름이 10cm정도이고 잎의 바깥쪽이\r안으로 굽어짐, 햇빛과 통풍이 잘되는 곳에서 기름\r강한 햇빛을 받을 수록 더 튼실해짐," 봄과 여름에는 충분히 관수하고 겨울철에는\r관수량을 줄임, 배수가 잘 되어야 함"," 잎꽂이, 자구꽂이",,, 보통, 필요함,, 발코니 창측까지 이용 가능함, 잎면이 백분으로 형성되어 있어 관수 후 잎에\r물방울이 남아 있을 경우 잎이 햇빛에 타므로 주의
62, 대화금," Echeveria purpusorum, 돌나물과",, 멕시코, 로제트형," 늦은 봄부터 여름 사이에 밑부분은 붉은색,\r끝부분은 노랑색 종 모양의 꽃이 핌", 잎 뒷면 연한 붉은색, 가는 뿌리," 봄~가을 성장 (여름생장형, 겨울에 휴면)", 느림,, 5°C," 소형종으로 식물체의 지름이 10cm정도\r잎이 넓고 촘촘하며 갈색무늬가 선명함\r보통 단구로 자람, 건조에 강하고 햇빛을 좋아함", 반그늘, 한 달에 두 번 정도 전체적으로 흠뻑 관수\r여름 장마철과 겨울에는 절수해야 함," 잎꽂이, 자구꽂이, 종자번식",,, 어려움, 필요함,, 발코니 창측까지 이용 가능함,
63, 에케베리아 푸미라," Echeveria pumila, 돌나물과", 푸미라, 멕시코, 로제트형, 늦은 봄부터 여름 사이에 밑부분은 붉은색\r끝부분은 노랑색인 종 모양 꽃이 핌, 빛을 충분히 받으면 잎 뒷면이 붉게 물듦,," 봄~가을 성장 (여름생장형, 겨울에 휴면)", 느림, 5~30°C, 0°C, 줄기가 없으며 식물체의 지름이 8~10cm 정도\r작은 잎이 촘촘하게 많이 나며 잎 뒷면이 붉게 물듦\r더위에 강함," 강한 광을 좋아하고, 강한 햇빛을 받을 수록 더 짱짱해짐"," 봄과 여름에는 충분히 관수하고 겨울철에는\r관수량을 줄이거나 절수, 배수가 잘 되야 함"," 잎꽂이, 자구꽂이",,, 어려움, 필요함,, 발코니 창측까지 이용 가능함,
64, 금황성," Echeveria pulvinata, 돌나물과",," 멕시코, 페루", 로제트형, 2월 경에 종 모양의 주황색 꽃이 핌, 백색 융모가 있는 녹색 잎은 봄철 잎끝이 짙은\r적색으로 물듦, 가는 뿌리," 봄~가을 성장 (여름생장형, 겨울에 휴면)", 보통, 15~30°C, 5°C, 길고 두터운 녹색의 잎은 백색의 융모로 뒤덮힘\r모체는 작은 저목형으로 분지성임\r로제트의 잎 직경은 8cm\r줄기 끝은 어두운 주황색의 잔 털이 남, 반그늘이나 양지바른 곳에서 키움," 봄과 여름에는 충분히 관수하고 겨울철에는\r관수량을 줄임, 배수가 잘 되야 함"," 잎꽂이, 줄기꽂이",,, 보통, 약간 돌봄, 거의 필요 없음, 발코니 창측까지 이용 가능함,
65, 라일락," Echeveria Perles Pride , 돌나물과",, 멕시코, 로제트형, 늦은 봄부터 여름까지 연한 노란색 꽃이 핌, 충분한 빛을 받으면 연보라색으로 물듦, 가는 뿌리," 봄~가을 성장 (여름생장형, 겨울에 휴면)", 보통,, 5°C, 잎이 둥그스름하며 줄기가 서고 보라색으로 물듦, 일광이 부족할 경우 잎이 빛을 받기 위해 도장하여\r휘어지므로 주의, 한 달에 두 번 충분히 관수," 잎꽂이, 자구꽂이",,, 보통, 약간 돌봄,, 발코니 창측까지 이용 가능함,
66, 양로," Echeveria subssilis, 돌나물과",, 멕시코, 로제트형, 봄부터 여름까지 10~15cm의 꽃대가 올라와 적색 꽃 핌, 충분한 빛을 받으면 분홍빛이 도는 은청색으로 물듦, 가는 뿌리," 봄~가을 성장 (여름생장형, 겨울에 휴면)", 보통,, 5°C," 식물체의 지름이 10cm정도의 로제트형\r잎의 길이는 5~7cm, 폭 2~3cm로, 안으로 오목함\r줄기가 곧고 강함\r기부에서 군생"," 양지, 반음지, 강한 직사광선을 피함", 봄~여름에는 수분을 충분히 공급하고 겨울에는\r관수하지 않음, 잎꽂이,,, 보통, 약간 돌봄,,,
67, 샤비홍," Echeveria Painted Frills , 돌나물과",,, 로제트형,, 햇빛을 충분히 받으면 검붉은 색으로 물듦,," 봄~가을 성장 (여름생장형, 겨울에 휴면)", 빠름,, 5°C, 하루 4~5시간 이상 광 요구,, 한 달에 두 번 정도 흠뻑 전면 관수\r여름 장마철과 겨울엔 관수량을 줄임," 잎꽂이, 자구꽂이",,, 어려움, 필요함,, 발코니 창측까지 이용 가능함,
68, 홍매화," Echeveria multicaulis Ginmei-Tennyo , 돌나물과",, 일본, 직립형,," 잎 뒷면, 가장자리가 붉은색으로 변함", 가는 뿌리," 봄~가을 성장 (여름생장형, 겨울에 휴면)", 빠름,, 5°C, 강한 빛,," 한 달에 두 번 정도 흠뻑 전면 관수\r건조하게 키워야 하고, 특히 겨울철에는 더욱\r건조하게 키움"," 잎꽂이, 자구꽂이",,, 보통, 약간 돌봄,,,
69, 몰라코," Echeveria melaco, 돌나물과",, 멕시코, 로제트형, 초봄인 3월에 겉은 주황색이고 안은 노란 색 종\r모양 꽃이 핌, 검붉은색으로 물듦,," 봄~가을 성장 (여름생장형, 겨울에 휴면)", 보통, 5~30°C, 5°C, 검붉게 물드는 로제트 형태, 충분한 광 요구," 한 달에 두 번 정도 흠뻑 전면 관수, 건조하게\r키워야 하고, 특히 겨울철에는 더욱 건조하게 키움"," 잎꽂이, 자구꽂이",,, 보통,,, 발코니 창측까지 이용 가능함 잎이 약간 쳐짐, 성장이 더딤
70, 에케베리아 ‘라임앤칠리’," Echeveria Lime & Chili , 돌나물과", 라임앤칠리, 멕시코, 로제트형,, 잎 끝이 연한 붉은색으로 변함, 가는 뿌리," 봄~가을 성장 (여름생장형, 겨울에 휴면)", 보통,, 5°C, 충분한 광 요구,," 한 달에 두 번 정도 흠뻑 전면 관수\r건조하게 키워야 하고, 특히 겨울철에는 더욱\r건조하게 키움"," 잎꽂이, 자구꽂이",,, 보통, 약간 돌봄,, 발코니 창측까지 이용 가능함 잎이 아래로 쳐짐,
71, 먼로," Echeveria lauii X E. lindsayana, 돌나물과",, 멕시코, 로제트형, 늦은 봄부터 여름까지 안쪽은 주황색 바깥은\r분홍색 꽃이 핌, 빛을 받으면 잎끝이 붉게 물듦, 가는 뿌리," 봄~가을 성장 (여름생장형, 겨울에 휴면)", 보통,, 5°C, 라우린제의 콤팩트 한 종으로 식물체의 지름이\r10cm정도이며 잎이 짧음\r라우린제 보다 붉은빛이 많음\r더위에 약함, 강한 빛," 한 달에 두 번 정도 흠뻑 전면 관수, 건조하게\r키워야하고, 특히 겨울철에는 더욱 건조하게 키움"," 잎꽂이, 자구꽂이",,, 보통, 약간 돌봄,,,
72, 에케베리아 ‘미니벨’," Echeveria hummel Minibelle , 돌나물과"," 홍련, 미니벨", 멕시코, 관목형, 9월부터 2월 사이 안쪽으로 노란색을 띠는 주황색\r종 모양 꽃이 핌, 빛을 받으면 테두리부터 붉은색으로 물듦, 가는 뿌리," 봄~가을 성장 (여름생장형, 겨울에 휴면)", 빠름,, 5°C, 끝이 뾰족한 타원형의 잎이 로제트를 이룸, 웃자라지 않기 위해 강한 빛을 받아야 함, 한 달에 두 번 정도 흠뻑 전면 관수," 잎꽂이, 자구꽂이",,, 쉬움, 잘 견딤,,,
73, 부용," Echeveria harmsii, 돌나물과"," 부용, 화사, 부영", 멕시코, 관목형, 늦봄부터 여름까지 진한 홍색 꽃이 핌, 밤낮의 일교차와 햇빛에 따라 잎 가장자리가\r붉은색으로 물듦, 가는 뿌리," 봄~가을 성장 (여름생장형, 겨울에 휴면)", 빠름, 15~20°C, 5°C," 식물체의 지름이 5~6cm정도이며, 줄기는 25cm까지\r짙은 갈색으로 자람\r어린줄기와 잎은 가늘고 부드러운 흰털로 덮여있음\r잎은 긴 타원형으로 납작하며, 가장자리 중앙\r부분에서 잎 끝으로 갈수록 붉은색이 짙어짐", 강한 빛을 받을수록 잎의 물이 잘 들며 잘 자람\r여름철에는 반나절 그늘에서 관리, 2주에 한 번 정도 분 흙이 마르면 흠뻑 관수, 잎꽂이,,, 매우 쉬움, 잘 견딤,," 발코니 내측까지 이용 가능함 형태변화는 없고, 내측에서 약간의 붉은빛 발현됨",
74, 에케베리아 ‘라즈베리아이스’," Echeveria gilva Razberry ice , 돌나물과", 라즈베리아이스, 멕시코, 로제트형, 여름까지 안쪽으로 노란색을 띠는 분홍색 종모양 꽃이 핌, 잎끝이 분홍색으로 물듦, 가는 뿌리," 봄~가을 성장 (여름생장형, 겨울에 휴면)", 느림,, 5°C, 잎끝에 맑은 빛이 특징이며 동그란 로제트형임, 강한 빛을 받을수록 잎에 물이 잘 들고 잘 자람\r여름철에는 반나절정도 그늘에서 관리, 한 달에 두 번 정도 흠뻑 전면 관수한다.," 잎꽂이, 자구꽂이",,, 어려움, 필요함,, 발코니 창측까지 이용 가능함,
75, 에케베리아 ‘도리스테일러’," Echeveria Doris Taylor , 돌나물과"," 양털장미, 도리스테일러", 멕시코, 군생형, 4월부터 7월까지 안쪽은 노란색을 띠는 붉은색 꽃이 핌, 잎에 솜털이 있으며 가을철에 잎 끝이 붉게 물듦, 가는 뿌리," 봄~가을 성장 (여름생장형, 겨울에 휴면)", 빠름,, 0°C," 식물체 지름이 5~8cm 정도이고, 연한 녹색의 잎은\r솜털로 덮여 있으며 빨갛게 물듦\r군생이 잘 됨", 부분적인 직사광선이나 밝은 그늘이 좋음, 한 달에 두 번 정도 흠뻑 전면 관수\r건조하지 않게 관리," 잎꽂이, 자구꽂이",,, 쉬움, 약간 돌봄,, 발코니 창측까지 이용 가능함 절간장이 길어지면서 전체적으로 키가 자라고\r잎이 넓어지면서 원래 형태와는 완전히 달라지지만\r관상 가치 있음,
76, 정야," Echeveria Derenbergii , 돌나물과",, 멕시코, 군생형, 여름에 바깥쪽은 붉고 안쪽은 노란 종 모양 꽃이 핌," 연한청록색의 잎에 백분이 있으며, 빛을 충분히\r받으면 잎 가장자리가 옅은 주황색으로 물듦", 가는 뿌리," 가을~봄 성장 (겨울생장형, 여름에 휴면)", 보통, 5~30°C, 3°C," 식물체 지름이 5cm정도이고 녹색 빛이 나는 흰색의\r둥근잎이 촘촘히 겹쳐남\r외줄기이며, 나중에는 줄기가 길어짐\r로제트의 직경은 6cm 정도", 충분한 광 요구, 한 달에 한 번 전체적으로 관수\r여름 장마철에 과습하지 않게 관리," 잎꽂이, 자구꽂이",,, 보통, 약간 돌봄,, 발코니 내측까지 이용 가능함 잎이 조금씩 커지고 벌어지면서 전체적인 부피감이 커짐,
77, 에케베리아 ‘펀퀸’," Echeveria Fun Queen , 돌나물과", 펀퀸, 일본, 군생형, 여름부터 가을까지 주황색 꽃이 핌, 잎 가장자리가 연한 붉은색으로 변함, 가는 뿌리," 봄~가을 성장 (여름생장형, 겨울에 휴면)", 빠름, 0~30°C, 3°C, 잎은 삼각형으로 백분이 있으며 기부에서 군생\r연한 녹색의 잎이 장미처럼 서로 엇갈린 형태를 이룸, 햇빛과 통풍이 좋은 곳에서 기름\r강한 빛을 받을 수록 더 잘 자람, 한 달에 두 번 정도 흠뻑 전면관수," 잎꽂이, 자구꽂이",,, 보통, 약간 돌봄,, 발코니 내측까지 이용 가능함 지상부의 부피감이 커지나 웃자라지 않음,
78, 홍화장," Echeveria Victor , 돌나물과",, 브라질, 군생형, 여름까지 밖으로는 붉은 주황색 안으로는\r노란색의 꽃이 핌, 가을철 서늘해지면 잎 가장자리가 적색으로 물듦, 가는 뿌리," 봄~가을 성장 (여름생장형, 겨울에 휴면)", 빠름,, 5°C," 서늘해지면 잎 가장자리가 빨갛게 물듦\r줄기가 서고, 작은 로제트가 됨\r군생이 잘 됨", 햇빛과 통풍이 좋은 곳에서 기름\r웃자라지 않기 위해 강한 햇빛을 요구, 한 달에 두 번 정도 흠뻑 전면 관수함," 잎꽂이, 자구꽂이",,, 쉬움, 약간 돌봄,, 발코니 창측까지 이용 가능함 잎이 많이 떨어져 본래의 형태와 다른 모습으로\r변하지만 관상가치 유지함,
79, 에케베리아 ‘치와와린제’," Echeveria Chihuahualindsa , 돌나물과"," 치와와린제, 도태랑, 모모타로", 멕시코, 로제트형, 늦은 봄부터 여름까지 주황색의 꽃 핌, 잎에 있는 붉은색의 가시가 빛을 충분히 받으면\r검붉은색으로 변함, 가는 뿌리," 봄~가을 성장 (여름생장형, 겨울에 휴면)", 느림, 5~30°C, 0°C, E. chilhuahuaensis X E. lindsayana의 교배종으로\r라우린제보다 작고 초록색임\r강하게 키우는 것이 좋음, 햇빛과 통풍이 잘되는 곳에서 기름\r강한 빛을 볼수록 더 짱짱하게 자람, 한 달에 두 번 정도 흠뻑 전면 관수\r여름 장마철과 겨울에는 관수 줄임," 잎꽂이, 자구꽂이",,, 어려움, 약간 돌봄,, 발코니 내측까지 이용 가능함 지상부의 부피감이 커지고 한가지 색을 띰,
80, 에케베리아 ‘크리스마스’," Echeveria agavoides Christmas , 돌나물과", 크리스마스," 멕시코, 남아메리카", 로제트형, 여름에 30cm 크기의 꽃대에서 종 모양의 분홍색\r(안쪽은 황색) 꽃이 여러개 핌," 녹색의 잎이 봄, 가을이 되면 잎의 가장자리가\r붉은색으로 물듦", 가는 뿌리," 봄~가을 성장 (여름생장형, 겨울에 휴면)", 보통, 5~30°C, 3°C, 밝은 광선을 요구\r여름철에는 약간의 차광이 필요,, 한 달에 두 번 정도 흠뻑 전면 관수," 파종, 줄기꽂이, 잎꽂이",,, 보통, 약간 돌봄,, 발코니 창측까지 이용 가능함,
81, 에케베리아 ‘레이디스핑거’," Echeveria agavoides Ladys finger , 돌나물과", 레이디스핑거, 멕시코, 로제트형, 여름에 30cm 크기의 꽃대에서 종 모양의 핑크색(안쪽\r은 황색) 꽃이 여러개 핌, 진한 녹색의 잎 뒷면이 붉은색으로 물듦, 가는 뿌리," 봄~가을 성장 (여름생장형, 겨울에 휴면)", 느림,, 5°C, 밝은 광선 요구,, 한 달에 두 번 정도 흠뻑 관수," 파종, 줄기꽂이, 잎꽂이",,, 어려움, 필요함,, 발코니 창측까지 이용 가능함,
82, 에케베리아 ‘제이드포인트’," Echeveria agavoides JadePoint , 돌나물과"," 가을의 창, 제이드포인트", 유럽, 로제트형, 여름에 30cm 크기의 꽃대에서 종 모양의 붉은색(안쪽\r은 황색) 꽃이 여러개 핌, 진한 녹색의 잎 뒷면이 붉은색으로 물듦, 가는 뿌리," 봄~가을 성장 (여름생장형, 겨울에 휴면)", 보통, 5~30°C, 0°C, 석연화속중 가장 큰 형태로 윤기나는 밀랍 잎들이\r로제트 형상(폭 20cm 까지 성장)을 가짐\r다육 마니아들에 잘 알려진 식물 종명의\r아가보이데스(agavoides)는 용설란과 아가베속\r다육들과 유사한 형상에서 유래, 밝은 광선 요구," 봄과 여름에는 충분히 관수해 주고 겨울에는\r거의 건조하게 관리, 배수성을 좋게 해줌"," 파종, 줄기꽂이, 잎꽂이",,, 보통, 약간 돌봄,, 발코니 창측까지 이용 가능함 잎이 아래로 쳐짐,
83, 핑크세도이데스," Echeveria macdougallii, 돌나물과", 홍치아, 멕시코, 관목형, 5월부터 6월 경에 종 모양의 주황색 꽃 핌, 빛을 충분히 받으면 잎 가장자리가 선홍색으로 물듦, 가는 뿌리, 빠름,,, 5°C, 식물체의 지름이 3cm 정도이고 길쭉하고 통통한\r작은잎들이 군생하며 빛을 받는 정도에 따라\r붉게 물드는 정도가 다름,, 한 달에 두 번 정도 흠뻑 관수," 잎꽂이, 줄기꽂이",,, 쉬움, 약간 돌봄,, 발코니 내측까지 이용 가능함 선명한 초록색으로 잎이 넓어짐,
84, 천장금," Adropmischus clavifolius, 돌나물과"," 천금장, 금령전", 남아프리카, 불규칙형," (꽃대) 10~30cm, 백록색으로 길이 1cm정도",, 가는 뿌리," 가을~봄 성장 (겨울생장형, 여름에 휴면)", 느림,, 10~15 °C," 성장은 그다지 빠르지 않으나 튼튼해 기르기 쉬움\r고온다습에 약하며, 통기성이 매우 원활한 용토에\r심지 않으면 뿌리가 쉽게 상함\r(높이) 10cm. 짧은 줄기 끝부분에 납작한 잎은 6~8\r개 정도 생기며, 작은 로제트형으로 자람\r잎은 곤봉모양으로 줄기에 붙어있는 부분이 가늘며\r길이 3~7cm, 굵기 1~1.5cm 정도. 잎은 녹색으로 적\r갈색의 점무늬 있음", 하루 4시간 정도 강한 광선이나 반그늘\r직사광선을 좋아하나 너무 쪼이면 성장이 더딤," 여름과 겨울동안은 잎을 적셔 주는 정도의\r수분이면 충분하며, 이외 성장기엔 규칙적인 관수 필요"," 줄기꽂이, 잎꽂이, 파종",," 깍지벌레, 과습으로 인한 뿌리썩음병 발생 우려", 어려움, 필요함, 거의 필요치 않으나 봄과 가을 생장기에 액체비료를 잎에 살포, 발코니 내측까지 이용 가능함 형태 그대로 유지함,
85, 녹영," Senecio rowleyanus, 국화과", 콩선인장, 서남아프리카, 포복형, 9월부터 10월경에 5cm 정도의 꽃대에 흰 꽃이 핌, 푸른 완두콩 같은 구슬 모양의 잎, 가는 뿌리," 봄~가을 성장 (여름생장형, 겨울에 휴면)", 빠름,, 5~10°C," 1cm 지름의 구 모양의 잎이 덩굴상태의 가는\r줄기에 겹쳐지면서 아래로 늘어짐\r줄기는 가늘면서 25cm 정도 자람\r여름철에는 차광하고, 통풍이 잘되게 함"," 한여름에는 반그늘, 이외에는 충분한 햇빛을 쬠", 분 흙의 표면이 마르면 2일 정도 기다린 후 관수\r겨울철에는 공기 중의 습도를 유지해 주는 정도로 분무," 줄기꽂이, 포기나누기", 과습하면 잎이 무름, 병충해를 별로 입지 않음, 매우 쉬움, 잘 견딤,, 발코니 창측까지 이용 가능함 가장 끝에 있는 줄기가 가늘어지나 전반적인 형태 변화 없음,
86, 바위솔," Orostachys japonica, 돌나물과", 와송, 한국, 군생형, 흰색, 잎 가장자리 선명한 붉은색으로 변함, 가는 뿌리," 봄~가을 성장 (여름생장형, 겨울에 휴면)", 보통,, 0°C, 작고 짧은 잎이 로제트를 이룸\r생육조건에 따라 여러 형태를 보임, 햇빛이 부족하면 웃자라므로 충분한 햇빛 요구, 2주에 한 번 정도 흠뻑 관수," 꺾꽂이(삽목), 포기나누기(분주)",,, 보통, 약간 돌봄,, 발코니 창측까지 이용 가능함 발코니 내측에서는 꽃대가 웃자라 지탱하지 못하고 쓰러짐,
87, 세데베리아 ‘팡파레’," Sedeveria Fanfare , 돌나물과", 팡파레,, 로제트형, 초봄에 종 모양의 옅은 노랑색 꽃이 핌, 환경에 따라 옅은 녹색의 잎이 약간 노랑색이 도는 정도로 변함, 가는 뿌리," 봄~가을 성장 (여름생장형, 겨울에 휴면)", 보통,, 5°C," 교잡종이며, 길고 납작한 잎들이 촘촘히 로제트를 이루며 돌려남\r줄기는 목질화됨", 충분한 햇빛(직사광선)을 요구함, 한 달에 두 번 정도 흠뻑 관수함, 잎꽂이,,, 어려움, 필요함,, 발코니 창측까지 이용 가능함,
88, 세데베리아 ‘레티지아’," Sedeveria Letizia , 돌나물과"," 레티지아, 잽", 영국, 군생형, 봄부터 여름까지 흰색과 분홍색의 꽃이 핌, 연녹색의 잎이 가을 햇빛을 받으면 붉은색으로 물듦, 가는 뿌리," 봄 ~가을 성장 (여름생장형, 겨울에 휴면)", 보통, 5~30°C, 5°C, 군생이 잘 됨\r봄~가을 까지 옥외 재배가 가능함, 충분한 햇빛을 요구함(여름철 반그늘에서 키움), 여름 장마철과 추운 겨울에는 관수를 줄임," 잎꽂이, 자구꽂이", 여름 고온기 화상과 무름병 주의,, 보통, 약간 돌봄,, 발코니 창측까지 이용 가능함,
89, 홍옥," Sedum rubrotinctum, 돌나물과",, 멕시코, 포도송이형, 6월부터 8월 사이 별모양의 황색 꽃을 피움," 봄, 여름철 녹색인 잎이 가을 햇빛을 받으면 붉게 물듦",," 봄~가을 성장 (여름생장형, 겨울에 휴면)", 빠름,, 5°C, 줄기에 3cm 전후의 짧은 곤봉모양의 빨간 잎이 특징\r추위에 강함, 충분한 광이 필요함, 건조에 강하므로 가급적 잦은 물 주기를 자제함," 잎꽂이, 자구꽂이",,, 매우 쉬움, 잘 견딤,,, 가을에 관수를 적게 하고 강한 광선을 쬐면 붉게 물듦\r아랫부분 시든 잎을 따줘야 위에 남은 잎들이 통통하게 자람
90, 을녀심," Sedum pachyphyllum, 돌나물과",, 멕시코, 관목형, 6월부터 8월 한여름에 노란색의 꽃을 피움, 햇빛을 잘 받으면 잎이 빨갛게 물듦, 가는 뿌리," 봄~가을 성장(여름생장형, 겨울에 휴면)", 보통,, 5°C, 둥근 잎은 햇빛이 좋으면 끝이 등홍색으로 선명해짐, 강한 햇빛을 봐야 웃자람이 없음, 물은 분 흙이 충분히 마르면 주되 과습을 피함\r여름철 장마철과 겨울철에는 더 건조하게 키움," 잎꽂이, 자구꽂이, 줄기꽂이",,, 어려움, 약간 돌봄,,,
91, 옥주염," Sedum morganianum, 돌나물과", 구슬얽이," 멕시코, 온두라스", 군생형, 늦은 봄부터 여름 사이에 연분홍색의 꽃을 피움, 연한 백녹색, 가는 뿌리," 봄~가을 성장(여름생장형, 겨울에 휴면)", 보통,, 5°C, 연한 백녹색인 장원형의 잎을 가지에 촘촘히 붙임\r자랄수록 머리 무게 때문에 줄기가 아래로 드리워\r처지는 모습이 Hanging 디자인에 적당함, 밝은 그늘, 여름 장마철에는 관수를 줄임," 잎꽂이, 자구꽂이", 여름철 고온에 약함,, 보통, 약간 돌봄,,, 관리하기 어려운 점은 접촉하면 잎이 부서지듯이 떨어짐
92, 황금세덤," Sedum makinoi, 돌나물과",, 미국, 포복형, 봄에서 여름 사이 노란색 꽃이 핌, 햇빛을 받으면 연두색으로 변함, 가는 뿌리," 봄~가을 성장 (여름생장형, 겨울에 휴면)", 빠름,, 5°C, 마주나는 잎이 촘촘하고 줄기가 길게 늘어지며 성장함, 빛을 못 보면 웃자람이 심함, 한 달에 두 번가량 분의 흙이 젖게끔 관수함," 포기나누기, 줄기꽂이", 과습하면 짓무를 수 있으므로 다소 건조하게 관리함, 응애가 생기기 쉬움, 매우 쉬움,,, 발코니 창측까지 이용 가능함,
93, 환엽송록," Sedum lucidum Obesum , 돌나물과", 루시덤, 멕시코, 관목형, 늦은 봄부터 여름까지 흰색의 꽃을 피움, 햇빛을 많이 받으면 잎끝이 붉게 물듦, 가는 뿌리," 봄~가을 성장 (여름생장형, 겨울에 휴면)", 빠름,, 5°C, 송록보다 잎이 통통하고 둥근 모습으로 런너를 형성함\r햇빛을 충분히 받으면 잎끝이 적갈색으로 물듦\r자구를 많이 만들며 자라고 잎에서 향기가 남, 강한 햇빛에서 키워야 웃자라지 않고 통통하고 붉게 물듦, 한 달에 두 번 정도 흠뻑 줌," 잎꽂이, 자구꽂이", 더위에 약하므로 여름철에는 물을 적게 줌,, 보통, 약간 돌봄,,, 통풍이 잘되는 곳에서 건조하게 키움
94, 세덤 리틀잼," Sedum LittleGem , 돌나물과"," 소옥, 리틀잼", 캘리포니아, 군생형, 봄에서 여름 사이 옅은 노란색의 꽃이, 짙은 녹색의 잎이 환경에 따라서 붉은빛으로 물듦, 가는 뿌리," 봄~가을 성장 (여름생장형, 겨울에 휴면)", 느림,, 3~5°C," 자구가 생성되어 군생으로 자람\r봄, 가을에 붉게 물듦", 충분한 광이 필요함, 여름 장마철에 관수에 주의함," 잎꽂이, 자구꽂이",,, 어려움, 필요함,, 발코니 창측까지 이용 가능함,
95, 세덤 라울," Sedum clavatum Lawool , 돌나물과"," 로치, 로티, 라울", 멕시코, 군생형, 늦은 겨울부터 봄까지 흰색의 꽃을 피움," 연녹색의 잎에 백분이 있으며, 잎끝에 붉은 점이 있음", 가는 뿌리," 봄~가을 성장 (여름생장형, 겨울에 휴면)", 보통,, 5°C," 키는 약 15cm 정도, 지제부에서 자구가 나옴\r잎은 녹색에 약간의 백분이 나오며 주걱처럼 둥근모양", 충분한 광이 필요함, 한 달에 두 번 정도 흠뻑 주며 전면관수," 잎꽂이, 자구꽂이",,, 쉬움, 약간 돌봄,, 발코니 내측까지 이용 가능함\r창측에 비해 약간 키가 커지지만 관상가치 있음,
96, 청옥," Sedum burrito, 돌나물과",, 멕시코, 포도송이형, 늦은 봄부터 여름까지 붉은색의 꽃을 피움, 황록색, 가는 뿌리," 봄~가을 성장 (여름생장형, 겨울에 휴면)", 빠름,, 5°C, 동글동글한 황록색의 잎이 다닥다닥 붙어 자람, 햇빛을 잘 받게 하여 웃자라지 않도록 함, 한 달에 두 번 정도 흠뻑 주며 전체적으로 관수," 포기나누기, 잎꽂이\r분갈이는 4~5월이 적당하며, 배수가 잘되는 용토에\r심어 관리",,, 매우 쉬움, 잘 견딤,, 발코니 창측까지 이용 가능함,
